id;adresse_ligne_1;adresse_ligne_2;code_postal;ville;state_province
1;synthesize Superviseur Self-enabling;Bermudian;parse index;orchid Directeur Fresh;redundant Palau Personal
2;Stagiaire Rwanda;optical indigo transmit;des withdrawal target;bypass hierarchy protocol;a Bourgogne Aquitaine
3;US Pizza throughput;Soft application;bluetooth transmit Avon;withdrawal;improvement c Adaptive
4;Soft;brand solid;quantify Bedfordshire;web-readiness action-items;Keyboard connecting
5;a;circuit enterprise;transmit Gloves;synthesizing online;hack multi-state
6;tertiary;payment;b Savings scalable;Account Reduced b;Bedfordshire a area
7;extensible cross-media;Cambridgeshire Luxembourg;Rubber withdrawal Ameliorated;cross-platform Right-sized;programming Rustic Account
8;Qatar;Stagiaire multi-state;blue Nord-Pas-de-Calais;deposit regional Borders;Dirham
9;Rustic JBOD;Agent Automotive;niches;Chips Islands ROI;Aquitaine
10;de;b Avon Vaugirard;Automotive Profound;metrics;Towels Towels
