id;id_metier_interne;prenom;nom;email;telephone_fixe;telephone_portable;connu_depuis
1;Panama;Wooden Granite;Avon;Joanny_Breton@gmail.com;e-tailers;Movies Pants;2021-07-31
2;Avon cultivate;Account;radical;Aude38@hotmail.fr;Streamlined Fiji distributed;navigate Bedfordshire;2021-08-01
3;quantifying Frozen;b ubiquitous;ADP;Cleste_Joly6@yahoo.fr;Fresh a;Cambridgeshire Account;2021-07-31
4;back-end Gorgeous Grocery;du Handcrafted;primary;Eusbie_Renault95@gmail.com;GB;Account Account;2021-08-01
5;benchmark;c d'Al√©sia synthesize;algorithm Kwacha overriding;lose_Legrand@gmail.com;expedite Pants Helena;gold;2021-07-31
6;Table Credit Pays-Bas;bypass;monitor;Ambroise_Martin@yahoo.fr;Saint-Jacques;orange;2021-08-01
7;Nam;Champagne-Ardenne b productize;Cameroun payment b;Aleaume_Muller@hotmail.fr;Fresh b neutral;system;2021-07-31
8;compress;Kids bypassing;cyan;Blaise36@yahoo.fr;deposit SMS Car;Interface Gloves Toys;2021-08-01
9;Computers Bacon killer;Versatile orange;Steel program SQL;mrance_Morel@gmail.com;initiative Superviseur niches;Tools Nord-Pas-de-Calais;2021-08-01
10;synthesize;Checking;generate Soudan well-modulated;Blaise80@gmail.com;Persevering composite Clothing;hacking Home;2021-08-01
