id;designation;description;date_creation;date_cloture
1;markets multi-tasking oriental;deposit system local;2021-08-01T08:28:49;2021-08-01T05:12:25
2;c;Namibie ivory Car;2021-08-01T09:09:09;2021-08-01T01:30:11
3;Pastourelle Health;cutting-edge;2021-08-01T05:28:28;2021-07-31T19:14:02
4;black copy Saint-Dominique;mission-critical PCI d'Argenteuil;2021-08-01T07:17:10;2021-08-01T02:59:37
5;transmit Administrateur;Shilling;2021-08-01T06:58:46;2021-08-01T08:18:12
6;tan Cheese Unbranded;systems Fresh;2021-08-01T02:06:40;2021-08-01T07:23:00
7;orchid invoice;Stagiaire Bedfordshire;2021-07-31T21:54:04;2021-08-01T04:16:39
8;payment;scale Pants incentivize;2021-07-31T21:47:29;2021-08-01T12:29:57
9;a;Chicken;2021-08-01T09:01:25;2021-08-01T12:19:51
10;Soap grey;deposit Architecte;2021-07-31T16:46:14;2021-08-01T04:05:24
